company,total_layoffs,layoff_events,avg_layoff_size,first_layoff,last_layoff
#Paid,19.0,1,19.0,2023-01-27,2023-01-27
&Open,9.0,1,9.0,2022-11-17,2022-11-17
10X Genomics,100.0,1,100.0,2022-08-04,2022-08-04
1stdibs,70.0,1,70.0,2020-04-02,2020-04-02
23andMe,146.0,2,73.0,2023-06-09,2023-08-08
2TM,190.0,2,95.0,2022-06-01,2022-09-01
54gene,95.0,1,95.0,2022-08-29,2022-08-29
6sense,150.0,1,150.0,2022-10-12,2022-10-12
7Shifts,68.0,1,68.0,2024-01-11,2024-01-11
7shifts,30.0,1,30.0,2023-09-15,2023-09-15
8x8,355.0,2,177.5,2022-10-04,2023-01-18
99,75.0,1,75.0,2022-09-20,2022-09-20
AEye,46.0,1,46.0,2023-03-28,2023-03-28
AU10TIX,19.0,1,19.0,2023-01-31,2023-01-31
Abra,12.0,1,12.0,2022-06-30,2022-06-30
Absci,30.0,1,30.0,2023-09-05,2023-09-05
Acast,70.0,1,70.0,2022-09-15,2022-09-15
Acko,45.0,1,45.0,2020-04-01,2020-04-01
AdRoll,210.0,1,210.0,2020-03-31,2020-03-31
Ada,78.0,1,78.0,2022-09-20,2022-09-20
Ada Support,36.0,1,36.0,2020-04-24,2020-04-24
Adaptive Biotechnology,100.0,1,100.0,2022-03-08,2022-03-08
Addepar,20.0,1,20.0,2023-01-18,2023-01-18
Affirm,560.0,2,280.0,2023-02-08,2024-02-21
AgentSync,67.0,1,67.0,2023-07-19,2023-07-19
Ahead,44.0,1,44.0,2022-04-14,2022-04-14
Airbnb,1900.0,1,1900.0,2020-05-05,2020-05-05
Airmeet,75.0,1,75.0,2023-05-25,2023-05-25
Airtable,491.0,2,245.5,2022-12-08,2023-09-14
Airtasker,45.0,1,45.0,2023-04-27,2023-04-27
Airtime,30.0,1,30.0,2022-05-23,2022-05-23
Ajaib,67.0,1,67.0,2022-11-28,2022-11-28
Akamai,290.0,1,290.0,2023-05-09,2023-05-09
Akili Labs,46.0,1,46.0,2023-01-12,2023-01-12
AlayaCare,80.0,1,80.0,2022-08-16,2022-08-16
Albert,20.0,1,20.0,2022-06-10,2022-06-10
AliExpress Russia,400.0,1,400.0,2022-05-14,2022-05-14
Alice,113.0,1,113.0,2022-12-09,2022-12-09
Alteryx,320.0,1,320.0,2023-04-27,2023-04-27
Alto Pharmacy,47.0,1,47.0,2020-09-29,2020-09-29
Amazon,27580.0,6,4596.67,2022-10-28,2024-02-06
American Robotics,50.0,1,50.0,2023-01-17,2023-01-17
Amount,130.0,1,130.0,2023-02-27,2023-02-27
Amperity,33.0,2,16.5,2022-08-20,2024-01-25
Amplero,17.0,1,17.0,2020-03-29,2020-03-29
Amplitude,99.0,1,99.0,2023-04-05,2023-04-05
Analog Devices,111.0,1,111.0,2023-12-13,2023-12-13
Anchorage Digital,75.0,1,75.0,2023-03-14,2023-03-14
Andela,135.0,1,135.0,2020-05-05,2020-05-05
Anodot,50.0,2,25.0,2022-07-06,2022-07-06
Antidote Health,23.0,1,23.0,2022-10-23,2022-10-23
Apartment List,29.0,1,29.0,2022-08-31,2022-08-31
App Annie,80.0,1,80.0,2020-04-28,2020-04-28
AppFolio,149.0,1,149.0,2023-08-17,2023-08-17
AppLovin,300.0,1,300.0,2022-06-27,2022-06-27
ApplyBoard,90.0,1,90.0,2022-11-28,2022-11-28
Aptiv,250.0,1,250.0,2024-02-20,2024-02-20
Aqgromalin,80.0,1,80.0,2022-06-20,2022-06-20
Aqua Security,89.0,2,44.5,2020-04-01,2022-12-05
Archipelago,40.0,1,40.0,2023-08-01,2023-08-01
Argo AI,323.0,2,161.5,2022-07-07,2022-10-26
Argyle,20.0,1,20.0,2022-08-26,2022-08-26
Arm Holdings,70.0,1,70.0,2023-12-18,2023-12-18
Armis,25.0,1,25.0,2022-12-08,2022-12-08
Arrival,1480.0,3,493.33,2022-07-13,2023-10-05
Arrive Logistics,75.0,1,75.0,2020-04-03,2020-04-03
Artsy,35.0,1,35.0,2023-06-29,2023-06-29
Asana,180.0,1,180.0,2022-11-15,2022-11-15
Astra,40.0,1,40.0,2020-04-05,2020-04-05
Astronomer,176.0,2,88.0,2023-01-04,2023-04-13
At-Bay,27.0,1,27.0,2023-09-12,2023-09-12
Atlas,150.0,1,150.0,2023-08-23,2023-08-23
Atlassian,500.0,1,500.0,2023-03-06,2023-03-06
AtoB,32.0,1,32.0,2022-10-19,2022-10-19
Atsu,6.0,1,6.0,2020-04-10,2020-04-10
Audible,100.0,1,100.0,2024-01-11,2024-01-11
AudioCodes,160.0,2,80.0,2023-05-09,2023-07-13
Augury,90.0,2,45.0,2023-01-04,2023-08-02
Aura,70.0,1,70.0,2022-06-23,2022-06-23
Aurora Solar,111.0,1,111.0,2024-01-30,2024-01-30
Autograph,30.0,1,30.0,2023-05-04,2023-05-04
Automation Anything,260.0,1,260.0,2020-04-27,2020-04-27
AvantStay,144.0,1,144.0,2022-11-09,2022-11-09
Avidbots,50.0,1,50.0,2023-03-14,2023-03-14
Avo,500.0,1,500.0,2022-05-01,2022-05-01
Away,82.0,2,41.0,2020-04-07,2023-05-31
Aya,5.0,1,5.0,2020-11-19,2020-11-19
B8ta,250.0,1,250.0,2020-03-26,2020-03-26
Back Market,93.0,1,93.0,2022-12-23,2022-12-23
Banxa,70.0,1,70.0,2022-06-27,2022-06-27
Basis Technologies,40.0,1,40.0,2023-02-21,2023-02-21
Baton,16.0,1,16.0,2022-06-29,2022-06-29
Beam Benefits,105.0,2,52.5,2023-02-08,2024-01-10
Bench,47.0,1,47.0,2020-03-27,2020-03-27
BenchSci,70.0,1,70.0,2024-01-08,2024-01-08
Benchling,74.0,1,74.0,2023-04-21,2023-04-21
Benevity,137.0,1,137.0,2023-01-18,2023-01-18
Berlin Brands Group,100.0,1,100.0,2022-06-10,2022-06-10
Bestow,41.0,1,41.0,2022-06-24,2022-06-24
Better.com,3900.0,2,1950.0,2021-12-01,2022-03-08
BetterUp,100.0,1,100.0,2023-08-02,2023-08-02
Bevi,30.0,1,30.0,2020-03-27,2020-03-27
Beyond Meat,505.0,4,126.25,2022-08-03,2023-11-02
BeyondMinds,65.0,1,65.0,2022-05-23,2022-05-23
BharatAgri,40.0,1,40.0,2023-01-15,2023-01-15
BigCommerce,180.0,1,180.0,2022-12-15,2022-12-15
BigPanda,40.0,1,40.0,2023-04-24,2023-04-24
BillGO,80.0,1,80.0,2024-02-05,2024-02-05
BioMarin,120.0,1,120.0,2022-10-07,2022-10-07
Bird,544.0,2,272.0,2020-03-27,2022-06-07
Bishop Fox,50.0,1,50.0,2023-05-02,2023-05-02
BitOasis,9.0,1,9.0,2022-06-19,2022-06-19
BitTitan,70.0,1,70.0,2021-11-18,2021-11-18
Bitpanda,270.0,1,270.0,2022-06-24,2022-06-24
Bitso,80.0,1,80.0,2022-05-26,2022-05-26
Bitwise,900.0,1,900.0,2023-06-14,2023-06-14
Bizzabo,220.0,2,110.0,2022-07-05,2022-12-01
BlackLine,190.0,2,95.0,2022-12-08,2023-08-23
Blend,1010.0,5,202.0,2022-04-19,2023-08-09
BlissClub,21.0,1,21.0,2024-02-09,2024-02-09
Block,1000.0,1,1000.0,2024-01-30,2024-01-30
BlockFi,250.0,1,250.0,2022-06-13,2022-06-13
Blockchain.com,260.0,2,130.0,2022-07-21,2023-01-12
Blueground,130.0,1,130.0,2020-03-27,2020-03-27
Bluprint,137.0,1,137.0,2020-05-26,2020-05-26
Bolt,420.0,3,140.0,2022-05-25,2023-12-14
Bonsai,59.0,2,29.5,2022-04-26,2022-06-20
BookClub,12.0,1,12.0,2022-05-31,2022-05-31
BookMyShow,270.0,1,270.0,2020-05-28,2020-05-28
Boost,15.0,1,15.0,2023-04-04,2023-04-04
Boozt,70.0,1,70.0,2022-06-09,2022-06-09
Borrowell,15.0,1,15.0,2020-04-06,2020-04-06
Bounce,370.0,3,123.33,2020-06-29,2023-01-06
BounceX,77.0,1,77.0,2020-04-06,2020-04-06
Boxed,32.0,1,32.0,2023-03-15,2023-03-15
Branch,88.0,2,44.0,2020-06-11,2024-01-09
Branch Metrics,100.0,1,100.0,2020-04-07,2020-04-07
Brave Care,40.0,1,40.0,2022-09-06,2022-09-06
Breathe,50.0,1,50.0,2022-06-14,2022-06-14
Breather,120.0,1,120.0,2020-12-16,2020-12-16
Brex,480.0,3,160.0,2020-05-29,2024-01-23
Bridge Connector,154.0,1,154.0,2020-11-17,2020-11-17
Bridgit,13.0,1,13.0,2022-12-06,2022-12-06
Bright Machines,30.0,1,30.0,2022-06-28,2022-06-28
Bright Money,100.0,1,100.0,2022-07-15,2022-07-15
Brightcove,70.0,1,70.0,2023-05-03,2023-05-03
Brighte,30.0,1,30.0,2022-06-20,2022-06-20
Bringg,10.0,1,10.0,2020-04-21,2020-04-21
Britishvolt,206.0,1,206.0,2023-01-17,2023-01-17
Briza,26.0,1,26.0,2022-12-20,2022-12-20
Bryter,100.0,1,100.0,2022-07-13,2022-07-13
Buenbit,80.0,1,80.0,2022-05-23,2022-05-23
Builder,39.0,1,39.0,2020-06-04,2020-06-04
Built In,50.0,1,50.0,2022-10-05,2022-10-05
Bullhorn,140.0,1,140.0,2023-10-19,2023-10-19
Bullish,30.0,1,30.0,2022-07-05,2022-07-05
Bumble,350.0,1,350.0,2024-02-27,2024-02-27
BusBud,23.0,1,23.0,2020-04-06,2020-04-06
Buser,160.0,1,160.0,2022-12-08,2022-12-08
Bustle Digital Group,24.0,1,24.0,2020-04-03,2020-04-03
Butler Hospitality,1000.0,1,1000.0,2022-07-08,2022-07-08
Button,48.0,1,48.0,2020-04-08,2020-04-08
Buy.com / Rakuten,87.0,1,87.0,2020-07-30,2020-07-30
BuzzFeed,360.0,2,180.0,2022-12-06,2023-04-20
Byju's,2500.0,1,2500.0,2022-10-12,2022-10-12
C2FO,100.0,2,50.0,2022-12-09,2023-10-16
CNET,12.0,1,12.0,2023-03-02,2023-03-02
CS Disco,62.0,1,62.0,2023-01-19,2023-01-19
CTO.ai,30.0,1,30.0,2020-03-20,2020-03-20
Cadre,28.0,1,28.0,2020-05-11,2020-05-11
Calendly,60.0,1,60.0,2023-07-26,2023-07-26
Calibrate,156.0,1,156.0,2022-07-08,2022-07-08
Calm,90.0,1,90.0,2022-08-11,2022-08-11
Cameo,87.0,1,87.0,2022-05-04,2022-05-04
Candy Digital,33.0,1,33.0,2022-11-28,2022-11-28
Canoo,58.0,1,58.0,2022-07-01,2022-07-01
Capitolis,37.0,1,37.0,2022-11-17,2022-11-17
Captiv8,8.0,1,8.0,2023-08-24,2023-08-24
CaptivateIQ,31.0,1,31.0,2022-11-15,2022-11-15
CarGurus,130.0,1,130.0,2020-04-16,2020-04-16
Carbon Health,420.0,3,140.0,2022-06-02,2024-02-23
CareRev,100.0,1,100.0,2023-06-15,2023-06-15
Careem,536.0,1,536.0,2020-05-04,2020-05-04
Career Karma,60.0,1,60.0,2022-07-28,2022-07-28
Carousell,110.0,1,110.0,2022-12-01,2022-12-01
Cars24,600.0,1,600.0,2022-05-19,2022-05-19
Cart.com,25.0,1,25.0,2023-01-10,2023-01-10
Carta,161.0,1,161.0,2020-04-15,2020-04-15
Carvana,4000.0,2,2000.0,2022-05-10,2022-11-18
Carwow,70.0,1,70.0,2022-11-25,2022-11-25
Casper,78.0,1,78.0,2020-04-21,2020-04-21
Cazoo,1500.0,2,750.0,2022-06-07,2022-06-07
Celsius,150.0,1,150.0,2022-07-03,2022-07-03
Cerebral,685.0,2,342.5,2022-10-24,2023-02-27
Chainalysis,194.0,2,97.0,2023-02-01,2023-10-02
Chargebee,242.0,2,121.0,2022-11-02,2023-09-11
Checkmarx,100.0,1,100.0,2022-11-02,2022-11-02
Checkout.com,180.0,2,90.0,2022-09-13,2023-12-18
Checkr,64.0,1,64.0,2020-07-23,2020-07-23
Chegg,80.0,1,80.0,2023-06-12,2023-06-12
Chia Network,26.0,1,26.0,2023-10-02,2023-10-02
Chief,43.0,1,43.0,2023-04-27,2023-04-27
Chime,156.0,1,156.0,2022-11-02,2022-11-02
Chingari,48.0,1,48.0,2023-06-19,2023-06-19
Chipper Cash,200.0,5,40.0,2022-12-06,2024-03-15
Chope,65.0,1,65.0,2022-12-20,2022-12-20
ChowNow,200.0,3,66.67,2022-07-13,2024-03-28
Chrono24,65.0,1,65.0,2023-01-30,2023-01-30
CircleCI,100.0,1,100.0,2024-01-31,2024-01-31
Cisco,8350.0,2,4175.0,2022-11-16,2024-02-14
Citrine Informatics,22.0,1,22.0,2023-01-20,2023-01-20
Citrix,1000.0,1,1000.0,2024-01-10,2024-01-10
CityMall,191.0,1,191.0,2022-06-19,2022-06-19
Cityblock Health,155.0,1,155.0,2023-06-08,2023-06-08
Clarify Health,15.0,1,15.0,2022-07-22,2022-07-22
ClassPass,154.0,1,154.0,2020-04-02,2020-04-02
Clear,190.0,1,190.0,2022-09-16,2022-09-16
ClearCo,50.0,1,50.0,2023-01-16,2023-01-16
Clearbanc,17.0,1,17.0,2020-04-13,2020-04-13
Clearco,125.0,1,125.0,2022-07-29,2022-07-29
Clearcover,81.0,1,81.0,2023-04-17,2023-04-17
CleverTap,60.0,1,60.0,2020-04-16,2020-04-16
ClickUp,150.0,2,75.0,2022-05-23,2023-06-28
Clinc,40.0,1,40.0,2020-04-09,2020-04-09
Cloudflare,40.0,1,40.0,2024-01-11,2024-01-11
Cloudinary,40.0,1,40.0,2022-11-14,2022-11-14
Clue,31.0,1,31.0,2023-01-18,2023-01-18
Clutch,76.0,1,76.0,2022-06-29,2022-06-29
Code42,25.0,1,25.0,2020-04-09,2020-04-09
Coding Dojo,7.0,1,7.0,2020-04-02,2020-04-02
Cogito,24.0,1,24.0,2020-04-06,2020-04-06
CoinJar,10.0,1,10.0,2022-11-29,2022-11-29
Coinbase,2050.0,2,1025.0,2022-06-14,2023-01-10
Coinsquare,30.0,1,30.0,2022-07-27,2022-07-27
Community,40.0,1,40.0,2022-06-21,2022-06-21
Community Gami…,17.0,1,17.0,2023-04-14,2023-04-14
Compass,1096.0,3,365.33,2020-03-23,2022-09-20
Compete,11.0,1,11.0,2022-09-12,2022-09-12
Confluent,221.0,1,221.0,2023-01-26,2023-01-26
ConsenSys,191.0,2,95.5,2020-04-20,2023-01-10
Consider.co,13.0,1,13.0,2020-03-26,2020-03-26
ContaAzul,140.0,1,140.0,2020-04-17,2020-04-17
ContraFect,16.0,1,16.0,2022-08-15,2022-08-15
Convene,150.0,1,150.0,2020-03-23,2020-03-23
Convoy,620.0,3,206.67,2022-06-09,2023-10-19
Copia,350.0,1,350.0,2023-07-26,2023-07-26
Cornershop,250.0,1,250.0,2023-05-11,2023-05-11
Coterie Insurance,30.0,1,30.0,2022-05-25,2022-05-25
Course Hero,42.0,1,42.0,2023-03-16,2023-03-16
Cowbell,28.0,1,28.0,2023-09-29,2023-09-29
Crayon,20.0,1,20.0,2020-04-01,2020-04-01
Credit Sesame,22.0,1,22.0,2020-06-03,2020-06-03
Crejo.Fun,170.0,1,170.0,2022-06-30,2022-06-30
Crossbeam,17.0,1,17.0,2023-03-30,2023-03-30
CrowdStreet,24.0,1,24.0,2020-06-01,2020-06-01
Cruise,1950.0,3,650.0,2020-05-14,2023-12-14
Crypto.com,2260.0,2,1130.0,2022-06-10,2022-10-06
Cue Health,665.0,3,221.67,2023-04-28,2024-02-02
Culture Amp,126.0,2,63.0,2020-05-28,2023-04-18
Culture Trip,95.0,1,95.0,2020-05-01,2020-05-01
Cure.fit,120.0,1,120.0,2024-01-23,2024-01-23
CureFit,800.0,1,800.0,2020-05-04,2020-05-04
Curve,65.0,1,65.0,2022-06-01,2022-06-01
Cvent,400.0,1,400.0,2020-05-21,2020-05-21
CyCognito,30.0,1,30.0,2022-12-08,2022-12-08
Cybereason,300.0,2,150.0,2022-06-01,2022-10-26
D2iQ,34.0,1,34.0,2020-04-03,2020-04-03
Daily Harvest,60.0,1,60.0,2022-02-10,2022-02-10
Dapper Labs,134.0,1,134.0,2022-11-02,2022-11-02
Dark,6.0,1,6.0,2020-06-23,2020-06-23
DataRails,30.0,1,30.0,2022-12-05,2022-12-05
DataRobot,512.0,3,170.67,2020-03-27,2022-08-23
Dataminr,150.0,1,150.0,2023-11-28,2023-11-28
Deadspin,11.0,1,11.0,2024-03-11,2024-03-11
DealShare,100.0,1,100.0,2023-01-27,2023-01-27
Dealtale,70.0,1,70.0,2023-08-09,2023-08-09
Deep Instict,46.0,1,46.0,2023-07-25,2023-07-25
DeepVerge,50.0,1,50.0,2023-07-12,2023-07-12
Deepgram,20.0,1,20.0,2023-10-11,2023-10-11
Deepwatch,30.0,1,30.0,2023-07-13,2023-07-13
Deliv,669.0,1,669.0,2020-05-13,2020-05-13
Deliveroo,717.0,2,358.5,2020-04-28,2023-02-09
Deliveroo Australia,120.0,1,120.0,2022-11-15,2022-11-15
Delivery Hero,556.0,3,185.33,2021-12-22,2023-01-30
Dell,6000.0,1,6000.0,2024-03-25,2024-03-25
Demandbase,27.0,1,27.0,2022-09-07,2022-09-07
Deputy,60.0,1,60.0,2020-05-04,2020-05-04
Descartes Labs,12.0,1,12.0,2020-06-02,2020-06-02
DialSource,5.0,1,5.0,2020-03-31,2020-03-31
DigitalOcean,200.0,1,200.0,2023-02-15,2023-02-15
Discord,207.0,2,103.5,2023-08-03,2024-01-11
DispatchHealth,88.0,1,88.0,2024-01-29,2024-01-29
Divergent 3D,57.0,1,57.0,2020-04-24,2020-04-24
Divvy Homes,40.0,1,40.0,2022-09-27,2022-09-27
Dock,190.0,1,190.0,2022-11-07,2022-11-07
Docly,8.0,1,8.0,2020-08-19,2020-08-19
DocuSign,1791.0,3,597.0,2022-09-28,2024-02-06
Doma,1075.0,3,358.33,2022-05-10,2022-12-06
Domestika,239.0,2,119.5,2022-04-28,2023-03-31
Domo,90.0,1,90.0,2020-04-09,2020-04-09
DoorDash,1250.0,1,1250.0,2022-11-30,2022-11-30
Dover,23.0,1,23.0,2022-07-26,2022-07-26
Doximity,100.0,1,100.0,2023-08-08,2023-08-08
DraftKings,140.0,1,140.0,2023-02-01,2023-02-01
Dragos,50.0,1,50.0,2023-06-06,2023-06-06
Drift,100.0,1,100.0,2023-09-07,2023-09-07
Drip Capital,75.0,1,75.0,2023-04-14,2023-04-14
Drizly,168.0,1,168.0,2024-02-05,2024-02-05
Dropbox,815.0,2,407.5,2021-01-13,2023-04-27
Dropp,60.0,1,60.0,2023-02-14,2023-02-14
Dukaan,56.0,1,56.0,2023-03-15,2023-03-15
Dunzo,450.0,2,225.0,2023-04-05,2023-09-26
Dutchie,50.0,1,50.0,2022-06-06,2022-06-06
Dynamic Signal,35.0,1,35.0,2020-04-02,2020-04-02
Earnin,50.0,1,50.0,2020-04-01,2020-04-01
Earnix,30.0,1,30.0,2023-05-04,2023-05-04
EasyPost,50.0,1,50.0,2020-04-13,2020-04-13
Eatsy,20.0,1,20.0,2020-08-08,2020-08-08
Ebanx,402.0,2,201.0,2020-05-27,2022-06-21
Ecobee,47.0,1,47.0,2020-03-26,2020-03-26
Eden / Managed …,40.0,1,40.0,2020-04-08,2020-04-08
Edgio,309.0,3,103.0,2022-12-13,2024-03-04
Eightfold AI,90.0,1,90.0,2023-02-03,2023-02-03
Electric,141.0,1,141.0,2023-02-13,2023-02-13
Electronic Arts,1450.0,2,725.0,2023-03-29,2024-02-28
Element AI,62.0,1,62.0,2020-05-04,2020-05-04
Elinvar,43.0,1,43.0,2022-10-21,2022-10-21
Embark Trucks,230.0,1,230.0,2023-03-03,2023-03-03
Embroker,30.0,1,30.0,2022-10-25,2022-10-25
Emotive,30.0,1,30.0,2022-07-07,2022-07-07
Enjoei,31.0,1,31.0,2023-01-20,2023-01-20
Enjoy,400.0,1,400.0,2022-06-30,2022-06-30
Enphase Energy,700.0,2,350.0,2023-12-18,2023-12-18
Envoy,58.0,1,58.0,2020-04-14,2020-04-14
Epic Games,870.0,1,870.0,2023-09-28,2023-09-28
EquityZen,30.0,1,30.0,2022-10-31,2022-10-31
Equitybee,49.0,2,24.5,2022-10-31,2023-02-08
Ericsson,8500.0,1,8500.0,2023-02-24,2023-02-24
Ermetic,30.0,1,30.0,2023-01-23,2023-01-23
Eroad,200.0,1,200.0,2023-07-28,2023-07-28
Ethos Life,58.0,2,29.0,2020-06-05,2022-06-24
Etsy,450.0,2,225.0,2023-12-13,2023-12-13
Eucalyptus,50.0,1,50.0,2022-07-22,2022-07-22
Eventbrite,580.0,2,290.0,2020-04-08,2023-02-28
Everlane,30.0,1,30.0,2023-01-05,2023-01-05
Evolve,339.0,2,169.5,2023-05-29,2023-09-12
Examedi,45.0,1,45.0,2023-04-11,2023-04-11
Exodus,59.0,1,59.0,2022-11-04,2022-11-04
Exotel,142.0,1,142.0,2023-01-17,2023-01-17
Expedia,1500.0,1,1500.0,2024-02-26,2024-02-26
Expel,60.0,1,60.0,2023-06-09,2023-06-09
Exterro,24.0,1,24.0,2023-02-01,2023-02-01
FNZ,1000.0,1,1000.0,2023-07-06,2023-07-06
FabHotels,80.0,1,80.0,2020-03-30,2020-03-30
Fable,13.0,1,13.0,2023-07-31,2023-07-31
Fabric,120.0,1,120.0,2022-07-13,2022-07-13
Facily,260.0,1,260.0,2022-04-20,2022-04-20
Faire,334.0,2,167.0,2022-10-18,2023-11-01
FanClash,100.0,1,100.0,2023-03-30,2023-03-30
FarEye,250.0,1,250.0,2022-06-10,2022-06-10
Farfetch,2000.0,1,2000.0,2024-02-16,2024-02-16
Fate Therapeutics,315.0,1,315.0,2023-01-09,2023-01-09
Fetch,100.0,1,100.0,2023-03-14,2023-03-14
Fi.Money,30.0,1,30.0,2023-09-27,2023-09-27
Fifth Season,100.0,1,100.0,2022-10-28,2022-10-28
Figure,90.0,1,90.0,2023-07-26,2023-07-26
Finder,60.0,1,60.0,2024-02-21,2024-02-21
Finite State,16.0,1,16.0,2022-06-17,2022-06-17
Finleap Connect,14.0,1,14.0,2022-06-30,2022-06-30
Fireblocks,50.0,2,25.0,2023-02-20,2024-02-07
First Mode,48.0,1,48.0,2024-01-16,2024-01-16
Fittr,30.0,1,30.0,2023-03-02,2023-03-02
Fiverr,60.0,1,60.0,2022-07-26,2022-07-26
Flex,31.0,1,31.0,2023-12-13,2023-12-13
Flexe,230.0,2,115.0,2023-09-26,2024-01-08
Flexport,640.0,1,640.0,2023-01-11,2023-01-11
Flink,8100.0,2,4050.0,2023-04-24,2023-05-24
Flipboard,24.0,1,24.0,2022-10-16,2022-10-16
Flipkart,1100.0,1,1100.0,2024-01-08,2024-01-08
Flock Freight,99.0,2,49.5,2023-04-10,2024-03-16
Flockjay,37.0,1,37.0,2021-08-24,2021-08-24
Flyhomes,500.0,2,250.0,2022-07-20,2022-11-09
Flytedesk,4.0,1,4.0,2020-03-18,2020-03-18
Flywheel Sports,784.0,1,784.0,2020-03-20,2020-03-20
Flywire,60.0,1,60.0,2020-05-07,2020-05-07
Food52,41.0,2,20.5,2022-04-08,2022-06-03
Foodsby,87.0,1,87.0,2020-03-24,2020-03-24
ForeScout,100.0,1,100.0,2023-01-10,2023-01-10
ForgeRock,109.0,1,109.0,2023-12-13,2023-12-13
Forma.ai,15.0,1,15.0,2022-07-20,2022-07-20
Forto,60.0,1,60.0,2022-11-11,2022-11-11
Forward,10.0,1,10.0,2020-04-20,2020-04-20
FourKites,60.0,1,60.0,2022-08-11,2022-08-11
Foxtrot,26.0,1,26.0,2022-09-23,2022-09-23
Freetrade,45.0,1,45.0,2022-06-10,2022-06-10
Freightos,50.0,1,50.0,2023-07-12,2023-07-12
FreshBooks,80.0,1,80.0,2023-03-21,2023-03-21
FreshDirect,100.0,1,100.0,2024-01-10,2024-01-10
Freshbooks,38.0,1,38.0,2020-04-21,2020-04-21
Freshworks,204.0,2,102.0,2022-12-15,2023-03-16
FrontRow,318.0,4,79.5,2022-05-27,2023-07-10
Frontdesk,235.0,2,117.5,2020-04-10,2024-01-02
FullStory,50.0,1,50.0,2024-01-09,2024-01-09
Fundbox,164.0,2,82.0,2020-06-02,2022-10-25
Funding Societies,65.0,1,65.0,2020-04-16,2020-04-16
G2,17.0,1,17.0,2020-06-30,2020-06-30
Gather,30.0,1,30.0,2022-06-02,2022-06-02
Gem,100.0,1,100.0,2022-11-01,2022-11-01
Gemini,168.0,2,84.0,2022-06-02,2022-07-18
GetNinjas,11.0,1,11.0,2020-04-08,2020-04-08
GetYourGuide,90.0,1,90.0,2020-10-14,2020-10-14
Getaround,100.0,1,100.0,2020-03-27,2020-03-27
Getir,2500.0,1,2500.0,2023-08-22,2023-08-22
GitLab,130.0,1,130.0,2023-02-09,2023-02-09
Gitpod,21.0,1,21.0,2023-01-24,2023-01-24
Glassdoor,440.0,2,220.0,2020-05-07,2023-03-22
Glints,198.0,1,198.0,2022-12-08,2022-12-08
Glisser,25.0,1,25.0,2023-01-26,2023-01-26
Glitch,18.0,1,18.0,2020-05-21,2020-05-21
Gloat,35.0,1,35.0,2023-04-20,2023-04-20
Glossier,249.0,3,83.0,2020-08-07,2022-08-02
Glovo,250.0,1,250.0,2023-01-30,2023-01-30
Glowforge,30.0,1,30.0,2023-12-15,2023-12-15
GoBear,22.0,1,22.0,2020-09-01,2020-09-01
GoBolt,55.0,1,55.0,2023-01-10,2023-01-10
GoCardless,150.0,1,150.0,2023-06-12,2023-06-12
GoDaddy,530.0,1,530.0,2023-02-08,2023-02-08
GoHealth,800.0,1,800.0,2022-08-09,2022-08-09
GoPro,200.0,1,200.0,2020-04-15,2020-04-15
GoSpotCheck,23.0,1,23.0,2020-03-26,2020-03-26
GoStudent,100.0,1,100.0,2024-01-23,2024-01-23
GoTo,29.0,1,29.0,2024-01-23,2024-01-23
GoTo Group,1300.0,1,1300.0,2022-11-10,2022-11-10
Gojek,430.0,1,430.0,2020-06-23,2020-06-23
Gong,80.0,1,80.0,2023-02-08,2023-02-08
GoodRx,140.0,1,140.0,2022-08-31,2022-08-31
Google,13000.0,2,6500.0,2023-01-20,2024-01-10
Gopuff,2400.0,5,480.0,2022-01-26,2023-03-09
Gorillas,300.0,1,300.0,2022-05-24,2022-05-24
Grab,1360.0,2,680.0,2020-06-16,2023-06-20
GrabCAD,13.0,1,13.0,2024-01-12,2024-01-12
Grabango,34.0,1,34.0,2023-09-11,2023-09-11
Grammarly,230.0,1,230.0,2024-02-07,2024-02-07
GrayMeta,20.0,1,20.0,2020-03-23,2020-03-23
Green Labs,350.0,1,350.0,2023-02-21,2023-02-21
Greenhouse,220.0,2,110.0,2020-04-17,2023-04-27
Greenlight,104.0,1,104.0,2023-01-12,2023-01-12
Grin,60.0,1,60.0,2022-11-30,2022-11-30
Gro Intelligence,110.0,2,55.0,2024-02-15,2024-03-01
Group Nine Media,50.0,1,50.0,2020-04-07,2020-04-07
Groupon,3300.0,2,1650.0,2020-04-13,2022-08-08
Grover,40.0,1,40.0,2022-12-07,2022-12-07
Grubhub,400.0,1,400.0,2023-06-12,2023-06-12
Guardant Health,130.0,1,130.0,2023-01-25,2023-01-25
Guideline,48.0,1,48.0,2023-04-03,2023-04-03
Guild,172.0,1,172.0,2023-05-24,2023-05-24
GumGum,90.0,1,90.0,2020-04-20,2020-04-20
Gupy,58.0,1,58.0,2023-08-02,2023-08-02
Gusto,126.0,1,126.0,2023-02-08,2023-02-08
Gympass,467.0,1,467.0,2020-04-03,2020-04-03
HOOQ,250.0,1,250.0,2020-03-27,2020-03-27
Happay,160.0,1,160.0,2023-05-12,2023-05-12
Happy Money,158.0,1,158.0,2022-11-30,2022-11-30
Hash,58.0,1,58.0,2022-08-01,2022-08-01
Headspace,231.0,2,115.5,2022-12-14,2023-06-29
HealthMatch,18.0,1,18.0,2022-06-28,2022-06-28
Healthy.io,70.0,1,70.0,2023-05-03,2023-05-03
Help.com,16.0,1,16.0,2020-03-16,2020-03-16
Heroes,24.0,1,24.0,2022-07-15,2022-07-15
Hibob,70.0,1,70.0,2020-03-30,2020-03-30
Highsnobiety,75.0,2,37.5,2020-04-01,2023-07-03
Highspot,240.0,2,120.0,2023-02-02,2023-06-08
Hippo Insurance,190.0,2,95.0,2022-08-31,2023-10-26
Hireology,36.0,1,36.0,2020-05-12,2020-05-12
Hodinkee,24.0,1,24.0,2023-09-05,2023-09-05
Hologram,80.0,1,80.0,2022-06-09,2022-06-09
Homebot,18.0,1,18.0,2022-12-19,2022-12-19
Homeday,40.0,1,40.0,2023-09-12,2023-09-12
Homie,159.0,2,79.5,2022-02-14,2022-10-04
Hootsuite,520.0,3,173.33,2022-08-09,2023-01-18
HopSkipDrive,8.0,1,8.0,2020-03-13,2020-03-13
Hopin,380.0,2,190.0,2022-02-10,2022-07-11
Hopper,250.0,1,250.0,2023-10-04,2023-10-04
Horizn Studios,15.0,1,15.0,2020-04-24,2020-04-24
Hotmart,227.0,1,227.0,2022-10-20,2022-10-20
Houzz,250.0,2,125.0,2020-04-21,2022-12-07
HubSpot,500.0,1,500.0,2023-01-31,2023-01-31
Hubba,45.0,1,45.0,2021-02-01,2021-02-01
Hubilo,160.0,2,80.0,2022-07-12,2023-01-19
Huma,45.0,1,45.0,2023-08-30,2023-08-30
Humane,10.0,1,10.0,2024-01-09,2024-01-09
Huobi,575.0,2,287.5,2022-06-28,2023-01-06
Hyperscience,100.0,1,100.0,2022-03-03,2022-03-03
IAC,330.0,1,330.0,2024-01-10,2024-01-10
IRL,25.0,1,25.0,2022-06-02,2022-06-02
Ibotta,87.0,1,87.0,2020-04-07,2020-04-07
Iflix,50.0,1,50.0,2020-04-04,2020-04-04
Ike,10.0,1,10.0,2020-04-22,2020-04-22
Illumina,611.0,2,305.5,2022-11-14,2024-02-01
Immersive Labs,38.0,1,38.0,2022-08-30,2022-08-30
Immutable,20.0,1,20.0,2022-07-26,2022-07-26
Impact.com,40.0,1,40.0,2024-02-05,2024-02-05
Impala,30.0,1,30.0,2022-06-01,2022-06-01
Impinj,50.0,1,50.0,2024-02-13,2024-02-13
Impossible Foods,190.0,2,95.0,2022-10-06,2023-01-30
InDebted,40.0,1,40.0,2022-07-26,2022-07-26
InSightec,200.0,2,100.0,2023-12-19,2023-12-19
Incredible Health,9.0,1,9.0,2020-04-01,2020-04-01
Incredibuild,40.0,1,40.0,2023-12-05,2023-12-05
Indeed,2200.0,1,2200.0,2023-03-22,2023-03-22
Industrious,90.0,1,90.0,2020-04-02,2020-04-02
Infarm,550.0,2,275.0,2022-09-14,2022-11-28
InfluxData,65.0,1,65.0,2022-11-10,2022-11-10
InfoSum,20.0,1,20.0,2022-10-19,2022-10-19
Inmobi,125.0,1,125.0,2024-01-11,2024-01-11
Innovaccer,335.0,2,167.5,2022-09-01,2023-01-24
Innovid,40.0,1,40.0,2023-01-23,2023-01-23
Innoviz,60.0,1,60.0,2024-01-31,2024-01-31
Inspirato,289.0,3,96.33,2020-03-16,2023-07-19
Instacart,250.0,1,250.0,2024-02-13,2024-02-13
Instagram,60.0,1,60.0,2024-01-10,2024-01-10
Instamojo,6.0,1,6.0,2020-04-02,2020-04-02
Instructure,150.0,1,150.0,2020-05-27,2020-05-27
Integral Ad Science,120.0,1,120.0,2022-12-07,2022-12-07
Integral Ad Scien…,70.0,1,70.0,2020-05-14,2020-05-14
Intel,311.0,1,311.0,2023-12-21,2023-12-21
Intercom,212.0,3,70.67,2020-05-20,2022-11-14
Introhive,57.0,1,57.0,2022-07-20,2022-07-20
Intuit,715.0,1,715.0,2020-06-22,2020-06-22
InvestCloud,80.0,1,80.0,2023-10-06,2023-10-06
Invitae,470.0,2,235.0,2023-12-13,2023-12-13
Involves,70.0,1,70.0,2022-07-13,2022-07-13
Iris Nova,9.0,1,9.0,2020-03-30,2020-03-30
Iron Ox,50.0,1,50.0,2022-11-02,2022-11-02
IronNet,145.0,2,72.5,2022-06-22,2022-06-22
JD.ID,200.0,1,200.0,2022-12-14,2022-12-14
JOKR,50.0,1,50.0,2022-06-16,2022-06-16
Jam City,200.0,1,200.0,2022-08-04,2022-08-04
Jama,12.0,1,12.0,2020-03-25,2020-03-25
JetClosing,20.0,1,20.0,2020-04-27,2020-04-27
Jetty,35.0,1,35.0,2020-04-03,2020-04-03
Jimdo,50.0,1,50.0,2022-11-15,2022-11-15
Jiobit,6.0,1,6.0,2020-04-24,2020-04-24
Jobcase,39.0,1,39.0,2020-04-02,2020-04-02
Jumia,900.0,1,900.0,2022-11-21,2022-11-21
Jumio,100.0,1,100.0,2023-01-11,2023-01-11
Jump,500.0,1,500.0,2020-05-07,2020-05-07
Jumpcloud,100.0,1,100.0,2023-01-18,2023-01-18
Juni,72.0,1,72.0,2022-11-17,2022-11-17
Juul,1300.0,2,650.0,2020-05-05,2022-11-10
Kabam,35.0,1,35.0,2022-11-09,2022-11-09
Kaleidoscope,15.0,1,15.0,2023-03-14,2023-03-14
Kaltura,75.0,1,75.0,2023-01-04,2023-01-04
Kape Technologies,200.0,1,200.0,2023-07-30,2023-07-30
Karma,20.0,1,20.0,2023-05-04,2023-05-04
Katerra,3074.0,3,1024.67,2020-04-02,2021-06-01
Kayak / OpenTable,160.0,1,160.0,2020-04-29,2020-04-29
KeepTruckin,349.0,1,349.0,2020-03-31,2020-03-31
Kenko Health,100.0,2,50.0,2023-08-29,2023-08-30
Kenoby,18.0,1,18.0,2020-04-08,2020-04-08
Khoros,120.0,1,120.0,2022-10-21,2022-10-21
Kiavi,39.0,1,39.0,2022-07-14,2022-07-14
Kickstarter,25.0,1,25.0,2020-05-13,2020-05-13
Kinde,8.0,1,8.0,2023-02-20,2023-02-20
Kitopi,93.0,1,93.0,2022-11-21,2022-11-21
Kitty Hawk,100.0,1,100.0,2022-09-21,2022-09-21
Kiwi.com,216.0,1,216.0,2024-01-30,2024-01-30
Klarna,700.0,1,700.0,2022-05-23,2022-05-23
Klook,300.0,1,300.0,2020-04-20,2020-04-20
Knock,115.0,1,115.0,2022-03-15,2022-03-15
Knotel,147.0,2,73.5,2020-03-27,2020-10-29
Kodiak Robotics,15.0,1,15.0,2020-04-15,2020-04-15
Koho,15.0,1,15.0,2022-11-17,2022-11-17
KoinWorks,70.0,1,70.0,2022-11-04,2022-11-04
Komodo Health,101.0,2,50.5,2020-04-20,2022-12-13
Kontist,50.0,1,50.0,2022-05-25,2022-05-25
Koo,78.0,1,78.0,2023-04-20,2023-04-20
Kraken,1100.0,1,1100.0,2022-11-30,2022-11-30
Kry,400.0,2,200.0,2022-05-17,2022-10-31
Kuda,23.0,1,23.0,2022-09-02,2022-09-02
Kueski,90.0,1,90.0,2020-04-20,2020-04-20
LEAD,80.0,1,80.0,2022-08-04,2022-08-04
Lacework,300.0,1,300.0,2022-05-25,2022-05-25
Ladder Life,13.0,1,13.0,2020-03-23,2020-03-23
Lastline,50.0,1,50.0,2020-06-04,2020-06-04
Latch,275.0,3,91.67,2022-05-10,2022-08-02
Lattice,121.0,2,60.5,2020-05-15,2023-01-12
Lawgeex,30.0,1,30.0,2022-09-06,2022-09-06
Lazada Group,100.0,1,100.0,2024-01-03,2024-01-03
LeafLink,80.0,1,80.0,2022-12-15,2022-12-15
Leafly,187.0,3,62.33,2020-03-23,2023-03-16
LearnUpon,27.0,1,27.0,2023-02-07,2023-02-07
Legible,23.0,1,23.0,2022-04-04,2022-04-04
Lemon,100.0,1,100.0,2022-11-24,2022-11-24
Lemonade,45.0,1,45.0,2023-05-16,2023-05-16
Lending Club,857.0,3,285.67,2020-04-21,2023-10-12
Lendingkart,500.0,1,500.0,2020-05-15,2020-05-15
Lendis,18.0,1,18.0,2022-07-04,2022-07-04
Lev,30.0,1,30.0,2022-12-07,2022-12-07
Lever,86.0,1,86.0,2020-04-08,2020-04-08
Licious,80.0,1,80.0,2024-02-09,2024-02-09
Liftoff,130.0,1,130.0,2022-11-09,2022-11-09
Lighter Capital,40.0,2,20.0,2020-04-24,2020-07-20
Lightico,20.0,1,20.0,2023-02-05,2023-02-05
Lightricks,80.0,1,80.0,2022-07-04,2022-07-04
Lightspeed Company,300.0,1,300.0,2023-01-17,2023-01-17
Lime,80.0,1,80.0,2020-04-29,2020-04-29
LinkedIn,2336.0,3,778.67,2020-07-21,2023-10-16
Linkfire,35.0,1,35.0,2022-10-11,2022-10-11
Linktree,110.0,2,55.0,2022-08-09,2023-06-06
Lithic,27.0,1,27.0,2022-12-07,2022-12-07
Liv Up,100.0,1,100.0,2022-02-16,2022-02-16
LivePerson,193.0,1,193.0,2022-09-15,2022-09-15
Livspace,550.0,2,275.0,2020-05-19,2023-03-17
Loco,40.0,1,40.0,2023-11-30,2023-11-30
Loft,1083.0,4,270.75,2020-04-17,2023-03-03
Loftium,32.0,1,32.0,2020-05-29,2020-05-29
Loftsmart,25.0,1,25.0,2020-03-30,2020-03-30
Loggi,800.0,2,400.0,2022-08-08,2023-02-06
Lokalise,76.0,1,76.0,2022-11-16,2022-11-16
Loom,57.0,2,28.5,2022-06-01,2022-10-20
Loop,34.0,2,17.0,2022-08-24,2023-03-30
LoopMe,8.0,1,8.0,2020-04-09,2020-04-09
Loopio,11.0,1,11.0,2020-05-04,2020-05-04
Lucid Motors,1300.0,1,1300.0,2023-03-28,2023-03-28
Lucid Software,75.0,1,75.0,2023-09-25,2023-09-25
Lunchbox,60.0,1,60.0,2022-07-21,2022-07-21
Luno,330.0,1,330.0,2023-01-25,2023-01-25
Lusha,30.0,1,30.0,2022-07-18,2022-07-18
Lyft,2814.0,4,703.5,2020-04-29,2023-04-21
Lyst,50.0,1,50.0,2022-11-29,2022-11-29
MFine,600.0,1,600.0,2022-05-21,2022-05-21
MVPindex,12.0,1,12.0,2024-01-25,2024-01-25
MadeiraMadeira,60.0,1,60.0,2022-08-09,2022-08-09
Magic Leap,1000.0,1,1000.0,2020-04-22,2020-04-22
Mainstreet,45.0,1,45.0,2022-05-04,2022-05-04
MakeMyTrip,700.0,2,350.0,2020-06-01,2020-08-31
Malwarebytes,125.0,1,125.0,2022-08-17,2022-08-17
ManoMano,230.0,1,230.0,2023-10-18,2023-10-18
MariaDB,84.0,1,84.0,2023-10-12,2023-10-12
Marketforce,54.0,1,54.0,2022-08-11,2022-08-11
MasterClass,120.0,1,120.0,2022-06-22,2022-06-22
Matrixport,29.0,1,29.0,2023-01-27,2023-01-27
Matterport,260.0,2,130.0,2020-04-09,2023-07-11
Maven,31.0,1,31.0,2020-03-30,2020-03-30
MediBuddy,200.0,1,200.0,2023-01-20,2023-01-20
MediaMath,53.0,1,53.0,2020-04-07,2020-04-07
Meero,350.0,1,350.0,2022-05-09,2022-05-09
Meesho,451.0,2,225.5,2020-04-08,2023-05-05
Megaport,50.0,1,50.0,2023-04-27,2023-04-27
Mejuri,86.0,2,43.0,2020-04-09,2022-08-05
Melio,40.0,1,40.0,2024-03-04,2024-03-04
Mercos,51.0,1,51.0,2020-05-13,2020-05-13
MessageBird,90.0,1,90.0,2024-03-05,2024-03-05
Meta,21000.0,2,10500.0,2022-11-09,2023-03-14
Metigy,75.0,1,75.0,2022-07-31,2022-07-31
Metromile,160.0,2,80.0,2020-04-06,2022-07-28
MiSan Franciscoits Market,649.0,1,649.0,2023-02-09,2023-02-09
Micron,7200.0,2,3600.0,2023-01-01,2023-02-17
Microsoft,11900.0,2,5950.0,2023-01-18,2024-01-25
Milkbasket,400.0,1,400.0,2023-07-27,2023-07-27
Milkrun,400.0,1,400.0,2023-04-11,2023-04-11
MindBody,1100.0,2,550.0,2020-04-02,2022-10-26
Minted,147.0,1,147.0,2020-04-03,2020-04-03
Minute Media,50.0,1,50.0,2023-01-08,2023-01-08
Miro,119.0,1,119.0,2023-02-02,2023-02-02
Mixpanel,65.0,1,65.0,2020-05-12,2020-05-12
Mobile Premier League,100.0,1,100.0,2022-05-30,2022-05-30
Moglix,40.0,1,40.0,2023-01-05,2023-01-05
Mogo,78.0,1,78.0,2020-03-27,2020-03-27
Mojocare,170.0,1,170.0,2023-06-17,2023-06-17
Moladin,360.0,1,360.0,2023-02-12,2023-02-12
Momentive,180.0,1,180.0,2022-10-10,2022-10-10
Monzo,120.0,1,120.0,2020-06-03,2020-06-03
Moss,70.0,1,70.0,2022-09-23,2022-09-23
Motive,237.0,1,237.0,2022-12-07,2022-12-07
Movidesk,33.0,1,33.0,2020-04-20,2020-04-20
Mozilla,310.0,2,155.0,2020-08-11,2024-02-13
Mural,90.0,1,90.0,2022-05-05,2022-05-05
Mux,80.0,2,40.0,2022-09-29,2023-05-31
MyGate,200.0,1,200.0,2023-02-20,2023-02-20
N26,80.0,2,40.0,2020-05-08,2023-04-28
NS8,240.0,1,240.0,2020-09-11,2020-09-11
NSO,100.0,1,100.0,2022-08-21,2022-08-21
NYDIG,110.0,1,110.0,2022-09-22,2022-09-22
Namely,110.0,1,110.0,2020-05-01,2020-05-01
Namogoo,45.0,2,22.5,2022-11-09,2023-01-23
NanoString Tech…,50.0,1,50.0,2024-01-06,2024-01-06
Nate,30.0,1,30.0,2022-06-30,2022-06-30
Navan,145.0,1,145.0,2023-12-05,2023-12-05
Navi,40.0,1,40.0,2020-06-17,2020-06-17
Neon,280.0,2,140.0,2020-04-13,2023-02-15
Netflix,450.0,2,225.0,2022-05-17,2022-06-23
Netlify,48.0,1,48.0,2022-12-01,2022-12-01
Nevro,63.0,1,63.0,2024-01-09,2024-01-09
New Relic,525.0,3,175.0,2021-04-06,2023-06-27
New Work SE,400.0,1,400.0,2024-01-11,2024-01-11
Nexar,17.0,1,17.0,2023-09-04,2023-09-04
Next Insurance,150.0,1,150.0,2022-07-07,2022-07-07
Niantic,85.0,1,85.0,2022-06-29,2022-06-29
Niche,24.0,1,24.0,2024-03-08,2024-03-08
Nomad Health,119.0,1,119.0,2023-10-20,2023-10-20
Noom,500.0,1,500.0,2022-10-11,2022-10-11
Nori,10.0,1,10.0,2023-04-10,2023-04-10
Notarize,110.0,1,110.0,2022-06-15,2022-06-15
NuScale Power,154.0,1,154.0,2024-01-08,2024-01-08
Numbrs,62.0,1,62.0,2020-05-07,2020-05-07
NuoDB,20.0,1,20.0,2020-04-10,2020-04-10
Nuri,45.0,1,45.0,2022-05-25,2022-05-25
Nuro,640.0,2,320.0,2022-11-18,2023-05-12
Nutanix,270.0,1,270.0,2022-08-09,2022-08-09
Nylas,80.0,1,80.0,2022-08-02,2022-08-02
Ocavu,20.0,1,20.0,2022-11-10,2022-11-10
Oda,210.0,3,70.0,2022-11-01,2022-11-01
Okta,700.0,2,350.0,2023-02-02,2024-02-01
Ola,1400.0,1,1400.0,2020-05-20,2020-05-20
Olive,450.0,1,450.0,2022-07-19,2022-07-19
Olive AI,215.0,1,215.0,2023-02-09,2023-02-09
Olo,81.0,1,81.0,2023-06-14,2023-06-14
Omie,136.0,1,136.0,2020-04-09,2020-04-09
Omuni,60.0,1,60.0,2023-08-30,2023-08-30
On Deck,145.0,2,72.5,2022-05-05,2022-08-04
OneFootball,212.0,2,106.0,2022-12-09,2023-02-23
OneTrust,1100.0,2,550.0,2020-04-09,2022-06-09
OneWeb,451.0,1,451.0,2020-03-27,2020-03-27
OpenWeb,14.0,1,14.0,2022-06-15,2022-06-15
OpenX,35.0,1,35.0,2020-04-28,2020-04-28
Opencare,18.0,1,18.0,2020-04-03,2020-04-03
Opendoor,1710.0,3,570.0,2020-04-15,2023-04-18
Openpay,83.0,1,83.0,2023-02-07,2023-02-07
Oportun,155.0,1,155.0,2023-02-09,2023-02-09
Optimizely,60.0,1,60.0,2020-07-15,2020-07-15
OrCam,62.0,1,62.0,2022-10-23,2022-10-23
Orbotech,100.0,1,100.0,2024-03-19,2024-03-19
Orca Security,60.0,1,60.0,2024-01-03,2024-01-03
Oriente,400.0,1,400.0,2020-05-04,2020-05-04
Oscar Health,70.0,1,70.0,2020-04-23,2020-04-23
Otonomo,80.0,1,80.0,2022-12-08,2022-12-08
Otovo,65.0,1,65.0,2024-02-08,2024-02-08
Our Next Energy,168.0,2,84.0,2023-11-27,2024-03-04
OutboundEngine,52.0,1,52.0,2020-03-25,2020-03-25
Outbrain,128.0,2,64.0,2022-07-26,2023-06-01
Outreach,130.0,2,65.0,2022-08-02,2023-02-27
Outschool,74.0,2,37.0,2022-07-05,2022-12-10
Outside,87.0,1,87.0,2022-05-20,2022-05-20
Overtime,30.0,1,30.0,2020-03-25,2020-03-25
OwnBackup,170.0,1,170.0,2022-11-15,2022-11-15
Oye Rickshaw,40.0,1,40.0,2022-06-29,2022-06-29
Pacaso,100.0,1,100.0,2022-10-11,2022-10-11
Packable,138.0,1,138.0,2022-08-23,2022-08-23
Pagaya,140.0,1,140.0,2023-01-18,2023-01-18
PaisaBazaar,1500.0,1,1500.0,2020-06-16,2020-06-16
Palantir,75.0,1,75.0,2023-02-27,2023-02-27
Panda Squad,6.0,1,6.0,2020-03-13,2020-03-13
Paper,274.0,3,91.33,2023-04-17,2023-09-12
Parler,60.0,1,60.0,2023-01-10,2023-01-10
Parsable,40.0,1,40.0,2020-04-15,2020-04-15
PartnerStack,40.0,1,40.0,2023-01-24,2023-01-24
PatientPop,100.0,1,100.0,2020-04-01,2020-04-01
Patreon,110.0,2,55.0,2020-04-21,2022-09-13
Pavilion Data,96.0,1,96.0,2022-10-10,2022-10-10
PayFit,200.0,1,200.0,2023-03-01,2023-03-01
PayJoy,27.0,1,27.0,2020-04-28,2020-04-28
PayPal,4500.0,2,2250.0,2023-01-31,2024-01-30
PayScale,14.0,1,14.0,2023-07-14,2023-07-14
Paytm,1000.0,1,1000.0,2023-12-25,2023-12-25
Pear Therapeutics,313.0,4,78.25,2022-07-25,2023-04-07
Pecan AI,30.0,1,30.0,2023-01-05,2023-01-05
PeerStreet,51.0,1,51.0,2020-03-30,2020-03-30
Peerspace,41.0,1,41.0,2020-03-26,2020-03-26
Peloton,4084.0,3,1361.33,2022-02-08,2022-10-06
Pendo,145.0,2,72.5,2022-09-07,2023-06-12
People.ai,30.0,1,30.0,2020-04-17,2020-04-17
Perfect Day,134.0,1,134.0,2023-07-06,2023-07-06
Perimeter 81,20.0,1,20.0,2022-12-06,2022-12-06
Perion,20.0,1,20.0,2022-08-08,2022-08-08
PerkSpot,10.0,1,10.0,2020-04-06,2020-04-06
Permutive,110.0,2,55.0,2022-08-10,2023-04-11
Personetics,30.0,1,30.0,2023-01-05,2023-01-05
Personio,100.0,1,100.0,2024-01-24,2024-01-24
Phantom Auto,100.0,1,100.0,2024-03-12,2024-03-12
Physics Wallah,120.0,1,120.0,2023-11-19,2023-11-19
PickYourTrail,70.0,1,70.0,2020-05-21,2020-05-21
Pico Interactive,400.0,1,400.0,2023-02-16,2023-02-16
Picsart,90.0,1,90.0,2022-05-17,2022-05-17
Pie Insurance,63.0,1,63.0,2023-05-18,2023-05-18
Pier,111.0,1,111.0,2023-01-12,2023-01-12
Pilot,45.0,1,45.0,2023-06-16,2023-06-16
Pipedrive,143.0,1,143.0,2022-11-14,2022-11-14
Pipl,22.0,1,22.0,2022-06-23,2022-06-23
Pitch,139.0,2,69.5,2022-09-14,2024-01-08
Plaid,260.0,1,260.0,2022-12-07,2022-12-07
Planet,117.0,1,117.0,2023-08-01,2023-08-01
Planetly,200.0,1,200.0,2022-11-04,2022-11-04
Plato,29.0,1,29.0,2022-08-23,2022-08-23
Playdots,65.0,1,65.0,2022-10-13,2022-10-13
Playtika,300.0,1,300.0,2024-01-11,2024-01-11
Pleo,150.0,1,150.0,2022-11-03,2022-11-03
Plex,37.0,1,37.0,2023-06-28,2023-06-28
Pliops,12.0,1,12.0,2022-08-16,2022-08-16
Plum,36.0,1,36.0,2022-11-09,2022-11-09
Pluralsight,400.0,1,400.0,2022-12-12,2022-12-12
Pocket Aces,50.0,1,50.0,2023-02-06,2023-02-06
Pocketmath,21.0,1,21.0,2021-01-20,2021-01-20
Point,61.0,1,61.0,2023-07-27,2023-07-27
PolicyGenius,170.0,1,170.0,2022-06-02,2022-06-02
Pollen,269.0,2,134.5,2020-05-19,2022-05-10
Polly,47.0,1,47.0,2022-12-02,2022-12-02
Polygon,160.0,2,80.0,2023-02-21,2024-02-01
Pomelo Fashion,55.0,1,55.0,2022-09-08,2022-09-08
Postmates,180.0,1,180.0,2021-01-23,2021-01-23
Preply,26.0,1,26.0,2022-06-09,2022-06-09
Primer,85.0,1,85.0,2022-12-09,2022-12-09
Pristyn Care,420.0,2,210.0,2023-03-07,2024-03-01
Procore,180.0,1,180.0,2020-07-28,2020-07-28
Project Ronin,150.0,1,150.0,2024-03-01,2024-03-01
Project44,193.0,2,96.5,2022-07-15,2023-05-26
Proofpoint,280.0,1,280.0,2024-01-31,2024-01-31
PropertyGuru,79.0,1,79.0,2024-02-27,2024-02-27
Protocol Labs,89.0,1,89.0,2023-02-03,2023-02-03
Puppet,50.0,1,50.0,2020-03-26,2020-03-26
Pure Storage,275.0,1,275.0,2024-02-08,2024-02-08
Q4,50.0,1,50.0,2022-08-23,2022-08-23
Qualtrics,1050.0,2,525.0,2023-01-11,2023-10-04
Quandoo,87.0,1,87.0,2021-02-03,2021-02-03
Quantcast,70.0,2,35.0,2020-04-08,2022-07-29
Quanterix,130.0,1,130.0,2022-08-09,2022-08-09
Quanto,28.0,1,28.0,2022-07-22,2022-07-22
Quidax,20.0,1,20.0,2022-11-24,2022-11-24
QuintoAndar,248.0,2,124.0,2020-04-17,2022-04-19
Qumulo,80.0,1,80.0,2022-06-29,2022-06-29
REE Automotive,31.0,1,31.0,2023-02-09,2023-02-09
Rad Power Bikes,163.0,2,81.5,2022-04-12,2022-07-21
Rapid,185.0,2,92.5,2023-04-25,2023-04-25
Rapid7,470.0,1,470.0,2023-08-08,2023-08-08
Rasa,59.0,1,59.0,2022-03-30,2022-03-30
RealSelf,51.0,2,25.5,2020-04-21,2022-07-21
Reali,140.0,1,140.0,2022-08-24,2022-08-24
Recharge,84.0,1,84.0,2022-10-27,2022-10-27
Redbubble,70.0,1,70.0,2023-05-10,2023-05-10
Reddit,90.0,1,90.0,2023-06-06,2023-06-06
Redesign Health,221.0,3,73.67,2022-10-10,2024-02-23
Redfin,1769.0,4,442.25,2020-04-07,2023-04-11
Redox,44.0,1,44.0,2020-06-16,2020-06-16
Reef,750.0,1,750.0,2022-05-06,2022-05-06
Relativity,150.0,1,150.0,2022-12-07,2022-12-07
Remote,100.0,1,100.0,2022-07-06,2022-07-06
Remote Year,50.0,1,50.0,2020-03-19,2020-03-19
RenoRun,280.0,2,140.0,2022-08-04,2022-10-27
Rent the Runway,37.0,1,37.0,2024-01-09,2024-01-09
Repertoire Immu…,65.0,1,65.0,2022-11-08,2022-11-08
ResearchGate,25.0,1,25.0,2022-11-28,2022-11-28
Revelate,24.0,1,24.0,2022-12-16,2022-12-16
Revolut,60.0,1,60.0,2020-05-11,2020-05-11
Rhino,57.0,1,57.0,2022-02-03,2022-02-03
Rhumbix,16.0,1,16.0,2020-04-10,2020-04-10
Ribbon,170.0,1,170.0,2022-11-14,2022-11-14
Ridecell,35.0,1,35.0,2020-05-14,2020-05-14
RigUp,120.0,1,120.0,2020-03-30,2020-03-30
Riot Games,530.0,1,530.0,2024-01-22,2024-01-22
Riskified,40.0,1,40.0,2024-02-13,2024-02-13
Ritual,257.0,3,85.67,2020-04-02,2023-06-21
Rivian,880.0,2,440.0,2020-06-02,2022-07-27
Robinhood,1203.0,3,401.0,2022-04-26,2023-06-26
Rock Content,100.0,1,100.0,2020-04-06,2020-04-06
Roku,760.0,3,253.33,2022-11-17,2023-09-06
Root Insurance,137.0,1,137.0,2022-11-09,2022-11-09
Rover,194.0,1,194.0,2020-03-31,2020-03-31
Rows,18.0,1,18.0,2022-06-29,2022-06-29
Rubicon Project,50.0,1,50.0,2020-05-06,2020-05-06
Rubius,160.0,1,160.0,2022-09-13,2022-09-13
Rupeek,180.0,1,180.0,2022-06-07,2022-06-07
SAP,11000.0,2,5500.0,2023-01-26,2024-01-23
SEND,300.0,1,300.0,2022-05-04,2022-05-04
SIRCLO,160.0,1,160.0,2022-11-22,2022-11-22
SQream,30.0,1,30.0,2022-07-06,2022-07-06
SWVL,400.0,1,400.0,2022-05-30,2022-05-30
Sabre,1100.0,1,1100.0,2023-05-04,2023-05-04
SafeGraph,27.0,1,27.0,2022-06-27,2022-06-27
Sage Therapeutics,340.0,1,340.0,2020-04-07,2020-04-07
Saks.com,100.0,1,100.0,2023-01-19,2023-01-19
SaleSan Franciscoorce,10000.0,3,3333.33,2020-08-26,2023-01-04
Salesforce,700.0,1,700.0,2024-01-26,2024-01-26
Salesloft,100.0,1,100.0,2023-02-07,2023-02-07
Salsify,150.0,2,75.0,2020-04-03,2022-11-16
Sami,75.0,1,75.0,2022-06-14,2022-06-14
Samsara,300.0,1,300.0,2020-05-20,2020-05-20
Sana Benefits,73.0,1,73.0,2023-11-01,2023-11-01
Sanar,60.0,1,60.0,2022-06-10,2022-06-10
Sandbox VR,80.0,1,80.0,2020-05-01,2020-05-01
Sarcos,75.0,1,75.0,2023-07-17,2023-07-17
Sauce Labs,30.0,1,30.0,2020-04-02,2020-04-02
ScaleFactor,90.0,1,90.0,2020-06-23,2020-06-23
SchoolMint,29.0,1,29.0,2023-10-05,2023-10-05
Scoop,92.0,1,92.0,2020-04-08,2020-04-08
SecureWorks,512.0,2,256.0,2023-02-07,2023-08-14
Seedr,15.0,1,15.0,2024-01-23,2024-01-23
Segment,50.0,1,50.0,2020-05-06,2020-05-06
Sema4,250.0,1,250.0,2022-08-15,2022-08-15
Sendle,27.0,1,27.0,2022-07-04,2022-07-04
Sendy,84.0,2,42.0,2022-08-02,2022-08-02
Sensibill,17.0,1,17.0,2020-04-01,2020-04-01
ServiceTitan,221.0,1,221.0,2023-02-15,2023-02-15
Shakepay,21.0,1,21.0,2023-01-27,2023-01-27
ShareChat,1001.0,4,250.25,2020-05-20,2023-12-20
Shippo,60.0,1,60.0,2022-11-03,2022-11-03
Shipsi,20.0,1,20.0,2020-04-28,2020-04-28
Shogun,48.0,1,48.0,2022-08-09,2022-08-09
Shop101,200.0,1,200.0,2020-04-15,2020-04-15
ShopBack,195.0,1,195.0,2024-03-19,2024-03-19
Shopify,3300.0,2,1650.0,2022-07-26,2023-05-04
Showpad,52.0,1,52.0,2020-04-01,2020-04-01
SiFive,130.0,1,130.0,2023-10-24,2023-10-24
Sidecar Health,110.0,1,110.0,2022-06-28,2022-06-28
Similarweb,180.0,2,90.0,2022-11-16,2023-05-10
Simpl,150.0,1,150.0,2023-04-09,2023-04-09
Simple Feast,150.0,1,150.0,2022-09-07,2022-09-07
SirionLabs,130.0,1,130.0,2023-01-25,2023-01-25
SiriusXM,635.0,2,317.5,2023-03-06,2024-02-12
Sirplus,60.0,1,60.0,2024-01-17,2024-01-17
Sisense,240.0,3,80.0,2020-04-23,2024-01-11
Skai,30.0,1,30.0,2022-07-27,2022-07-27
Skedulo,31.0,1,31.0,2022-08-23,2022-08-23
Skillz,70.0,1,70.0,2022-05-20,2022-05-20
Skyscanner,300.0,1,300.0,2020-07-14,2020-07-14
Slite,10.0,1,10.0,2023-03-23,2023-03-23
Smallcase,15.0,1,15.0,2023-03-21,2023-03-21
SmartNews,120.0,1,120.0,2023-01-12,2023-01-12
Smartsheet,85.0,1,85.0,2023-02-16,2023-02-16
Smava,200.0,2,100.0,2022-08-31,2022-11-02
Snap,1780.0,2,890.0,2022-08-31,2024-02-05
Snappy,100.0,1,100.0,2023-01-15,2023-01-15
Snyk,198.0,1,198.0,2022-10-24,2022-10-24
SoFi,112.0,1,112.0,2020-05-20,2020-05-20
Socure,173.0,2,86.5,2022-06-17,2023-01-05
Software AG,200.0,1,200.0,2023-01-31,2023-01-31
Sojern,300.0,1,300.0,2020-04-03,2020-04-03
SolarEdge,900.0,1,900.0,2024-01-21,2024-01-21
Solarisbank,20.0,1,20.0,2023-12-14,2023-12-14
Soluto,120.0,1,120.0,2022-07-24,2022-07-24
Sonatype,100.0,1,100.0,2023-05-09,2023-05-09
Sonder,856.0,4,214.0,2020-03-24,2024-02-15
SonderMind,49.0,1,49.0,2024-01-16,2024-01-16
Sonos,304.0,2,152.0,2020-06-24,2023-06-14
Sony Interactive,900.0,1,900.0,2024-02-27,2024-02-27
Sophos,450.0,1,450.0,2023-01-18,2023-01-18
Sorare,22.0,1,22.0,2024-03-06,2024-03-06
SoundHound,245.0,2,122.5,2022-11-10,2023-01-05
Sourcegraph,24.0,1,24.0,2022-06-21,2022-06-21
Spin,78.0,1,78.0,2022-09-30,2022-09-30
Spinny,300.0,1,300.0,2023-08-02,2023-08-02
Splunk,895.0,3,298.33,2020-06-16,2023-11-01
SpotHero,40.0,1,40.0,2020-06-03,2020-06-03
Spotify,2300.0,3,766.67,2023-01-23,2023-12-04
Springbig,37.0,1,37.0,2022-12-01,2022-12-01
Sprinklr,100.0,1,100.0,2023-02-15,2023-02-15
Spyce,4.0,1,4.0,2020-04-08,2020-04-08
Stack Overflow,98.0,2,49.0,2020-05-05,2023-05-10
Starry,100.0,1,100.0,2023-01-18,2023-01-18
Stash,152.0,3,50.67,2022-12-06,2024-03-13
Stash Financial,40.0,1,40.0,2022-06-30,2022-06-30
Stashaway,31.0,1,31.0,2022-06-09,2022-06-09
Stay Alfred,221.0,1,221.0,2020-05-20,2020-05-20
Stedi,23.0,1,23.0,2022-08-02,2022-08-02
StellarAlgo,21.0,1,21.0,2023-10-19,2023-10-19
Stitch Fix,1730.0,2,865.0,2020-06-01,2022-06-09
StockX,220.0,2,110.0,2020-04-23,2022-06-28
Stord,59.0,1,59.0,2022-06-02,2022-06-02
Storytel,260.0,3,86.67,2022-03-17,2024-02-15
Stream,20.0,1,20.0,2022-06-30,2022-06-30
StreamElements,100.0,2,50.0,2023-01-10,2023-08-17
Stripe,1000.0,1,1000.0,2022-11-03,2022-11-03
Studio,33.0,1,33.0,2022-06-13,2022-06-13
Stytch,19.0,1,19.0,2023-02-27,2023-02-27
Submittable,30.0,1,30.0,2020-04-25,2020-04-25
Substack,13.0,1,13.0,2022-06-29,2022-06-29
SumUp,100.0,1,100.0,2022-05-30,2022-05-30
SummerBio,101.0,1,101.0,2022-06-20,2022-06-20
Sunday,90.0,1,90.0,2022-06-24,2022-06-24
SundaySky,24.0,1,24.0,2022-07-11,2022-07-11
Superhuman,23.0,1,23.0,2022-06-03,2022-06-03
Superpedestrian,35.0,1,35.0,2022-06-22,2022-06-22
Swappie,250.0,1,250.0,2022-06-15,2022-06-15
Sweetgreen,35.0,1,35.0,2020-04-17,2020-04-17
Swiggy,3280.0,6,546.67,2020-04-21,2024-01-25
Swyft,10.0,1,10.0,2022-06-15,2022-06-15
Symend,50.0,1,50.0,2023-03-17,2023-03-17
Synapse,86.0,1,86.0,2023-10-02,2023-10-02
SynapseFI,63.0,1,63.0,2020-06-12,2020-06-12
Synapsica,30.0,1,30.0,2022-10-21,2022-10-21
Synctera,17.0,1,17.0,2024-03-26,2024-03-26
Synergysuite,5.0,1,5.0,2020-04-02,2020-04-02
Synthego,105.0,1,105.0,2022-11-18,2022-11-18
Syte,13.0,1,13.0,2022-07-05,2022-07-05
TCR2,30.0,1,30.0,2022-08-31,2022-08-31
TIFIN,24.0,1,24.0,2022-06-14,2022-06-14
TRM Labs,16.0,1,16.0,2023-04-18,2023-04-18
Taboola,100.0,1,100.0,2022-09-13,2022-09-13
Tails.com,55.0,1,55.0,2024-02-20,2024-02-20
Talent.com,86.0,1,86.0,2023-04-05,2023-04-05
Tally,28.0,1,28.0,2020-05-07,2020-05-07
Tamara Mellon,20.0,1,20.0,2020-03-12,2020-03-12
TaxBit,80.0,1,80.0,2023-06-11,2023-06-11
Taxfix,120.0,1,120.0,2023-05-30,2023-05-30
Teachmint,45.0,1,45.0,2022-11-30,2022-11-30
TealBook,34.0,1,34.0,2022-11-17,2022-11-17
Teampay,30.0,1,30.0,2023-04-26,2023-04-26
TechCrunch,7.0,1,7.0,2024-01-30,2024-01-30
TechTarget,60.0,1,60.0,2022-12-08,2022-12-08
Tekion,300.0,1,300.0,2023-08-02,2023-08-02
Teladoc Health,300.0,1,300.0,2023-01-18,2023-01-18
Teleport,15.0,1,15.0,2022-07-01,2022-07-01
Textio,59.0,3,19.67,2020-03-27,2024-03-14
The Athletic,46.0,1,46.0,2020-06-05,2020-06-05
The Grommet,40.0,1,40.0,2022-06-09,2022-06-09
The Guild,38.0,1,38.0,2020-03-23,2020-03-23
The Messenger,24.0,1,24.0,2024-01-02,2024-01-02
The Mom Project,54.0,1,54.0,2022-07-14,2022-07-14
The Predictive Investment,59.0,1,59.0,2020-04-02,2020-04-02
The RealReal,465.0,2,232.5,2020-04-14,2023-02-16
The Sill,20.0,1,20.0,2020-05-28,2020-05-28
TheSkimm,65.0,3,21.67,2020-05-01,2023-05-03
Thimble,20.0,1,20.0,2022-07-05,2022-07-05
Thinkific,176.0,2,88.0,2022-03-29,2023-01-10
Thinx,95.0,1,95.0,2024-01-31,2024-01-31
ThirdLove,65.0,1,65.0,2020-04-02,2020-04-02
Thoughtworks,1079.0,2,539.5,2023-03-01,2023-08-08
Thread,30.0,1,30.0,2022-11-30,2022-11-30
Thriver,75.0,1,75.0,2020-08-06,2020-08-06
Thumbtack,410.0,2,205.0,2020-03-30,2022-12-13
Tickertape,29.0,1,29.0,2023-04-27,2023-04-27
Tier Mobility,260.0,2,130.0,2022-08-23,2023-01-25
TikTok,60.0,1,60.0,2024-01-22,2024-01-22
Tilia,28.0,1,28.0,2023-07-19,2023-07-19
Tilting Point,60.0,1,60.0,2023-01-31,2023-01-31
Tipalti,123.0,1,123.0,2023-01-11,2023-01-11
Titan Medical,48.0,1,48.0,2023-02-10,2023-02-10
Toast,1850.0,2,925.0,2020-04-07,2024-02-15
TomTom,45.0,1,45.0,2023-12-12,2023-12-12
Tomo,44.0,1,44.0,2022-05-31,2022-05-31
Tomorrow,30.0,1,30.0,2022-12-16,2022-12-16
Tonal,262.0,1,262.0,2022-07-13,2022-07-13
Tonkean,23.0,1,23.0,2022-06-15,2022-06-15
Top Hat,93.0,3,31.0,2020-05-12,2024-02-02
Tor,13.0,1,13.0,2020-04-17,2020-04-17
Torii,28.0,1,28.0,2023-06-29,2023-06-29
TouchBistro,131.0,1,131.0,2020-04-14,2020-04-14
TradeWindow,25.0,1,25.0,2023-03-15,2023-03-15
TranSan Franciscoix,24.0,1,24.0,2020-04-29,2020-04-29
Transmit Security,27.0,1,27.0,2022-07-05,2022-07-05
TravelTriangle,250.0,1,250.0,2020-03-28,2020-03-28
Trax,300.0,3,100.0,2020-05-03,2022-11-22
Treasure Financial,14.0,1,14.0,2024-01-09,2024-01-09
Treasury Prime,40.0,1,40.0,2024-02-28,2024-02-28
Treehouse,41.0,1,41.0,2021-09-14,2021-09-14
Trell,300.0,1,300.0,2022-03-15,2022-03-15
Trigo,30.0,1,30.0,2024-01-04,2024-01-04
TripActions,300.0,1,300.0,2020-03-25,2020-03-25
TripAdvisor,1025.0,2,512.5,2020-04-28,2023-11-12
TripleLift,123.0,2,61.5,2020-04-02,2023-02-10
Triplebyte,15.0,1,15.0,2020-03-23,2020-03-23
Trove Recommer…,130.0,1,130.0,2024-01-31,2024-01-31
TrueCar,321.0,2,160.5,2020-05-28,2023-06-14
TrueLayer,40.0,1,40.0,2022-09-16,2022-09-16
Truepill,325.0,2,162.5,2022-06-08,2022-08-11
Truiloo,24.0,1,24.0,2022-09-23,2022-09-23
Trybe,175.0,2,87.5,2022-08-10,2023-06-09
TuSimple,350.0,1,350.0,2022-12-21,2022-12-21
Tufin,55.0,1,55.0,2022-08-21,2022-08-21
Turnitin,15.0,1,15.0,2024-03-07,2024-03-07
Turo,108.0,1,108.0,2020-03-31,2020-03-31
TutorMundi,4.0,1,4.0,2020-04-24,2020-04-24
Twiga,494.0,2,247.0,2022-11-16,2023-08-20
Twilio,2300.0,2,1150.0,2022-09-14,2023-02-13
Twine Solutions,30.0,1,30.0,2023-01-05,2023-01-05
Twist Bioscience,270.0,1,270.0,2023-05-05,2023-05-05
Twitch,500.0,1,500.0,2024-01-09,2024-01-09
Twitter,3900.0,2,1950.0,2022-11-04,2023-02-25
TytoCare,20.0,1,20.0,2023-07-06,2023-07-06
UPshow,19.0,1,19.0,2020-04-24,2020-04-24
Ualá,53.0,1,53.0,2022-11-30,2022-11-30
Uber,7725.0,5,1545.0,2020-05-06,2023-06-21
Uber Freight,190.0,2,95.0,2023-01-23,2024-01-09
Uberflip,31.0,1,31.0,2022-08-05,2022-08-05
Udaan,380.0,3,126.67,2022-06-27,2023-12-18
Udacity,55.0,1,55.0,2022-10-11,2022-10-11
Udayy,100.0,1,100.0,2022-06-01,2022-06-01
UiPath,451.0,2,225.5,2022-06-27,2022-11-15
Ula,134.0,1,134.0,2022-11-30,2022-11-30
Unacademy,1500.0,3,500.0,2022-04-07,2022-11-07
Unbabel,80.0,1,80.0,2020-04-08,2020-04-08
Unbounce,47.0,1,47.0,2022-08-03,2022-08-03
Uncapped,29.0,1,29.0,2022-05-27,2022-05-27
Unico,160.0,2,80.0,2022-10-24,2023-01-17
Uniphore,76.0,1,76.0,2023-01-03,2023-01-03
Unison,89.0,1,89.0,2020-04-08,2020-04-08
Unity,3149.0,5,629.8,2022-06-29,2024-01-08
Unstoppable Do.,42.0,1,42.0,2022-07-14,2022-07-14
UpScalio,25.0,1,25.0,2023-01-05,2023-01-05
Upstart,505.0,2,252.5,2022-11-01,2023-01-31
Upwork,137.0,1,137.0,2023-05-03,2023-05-03
Urban Sports Club,55.0,1,55.0,2022-09-01,2022-09-01
Usermind,15.0,1,15.0,2020-04-01,2020-04-01
VSCO,45.0,1,45.0,2020-04-14,2020-04-14
VTEX,200.0,1,200.0,2022-05-26,2022-05-26
Vacasa,1620.0,2,810.0,2023-01-24,2024-02-28
Varonis,110.0,1,110.0,2022-11-06,2022-11-06
Vedantu,624.0,2,312.0,2022-05-05,2022-05-18
Vee,33.0,2,16.5,2022-07-31,2022-10-25
Veeam,300.0,1,300.0,2024-01-12,2024-01-12
Veev,100.0,1,100.0,2022-11-11,2022-11-11
Veho,65.0,1,65.0,2024-01-25,2024-01-25
Vendease,27.0,1,27.0,2022-11-25,2022-11-25
Vendr,100.0,1,100.0,2023-05-31,2023-05-31
VerSe Innovation,150.0,1,150.0,2022-11-25,2022-11-25
Verbit,140.0,2,70.0,2022-07-05,2023-07-27
Veriff,230.0,3,76.67,2020-05-04,2023-08-23
Vesalius Therapeutics,29.0,1,29.0,2022-09-19,2022-09-19
Vesttoo,150.0,1,150.0,2023-08-01,2023-08-01
Vezeeta,50.0,1,50.0,2022-06-28,2022-06-28
Viasat,1100.0,2,550.0,2023-04-12,2023-11-02
VideoAmp,61.0,2,30.5,2020-04-08,2023-09-14
View,170.0,1,170.0,2023-04-03,2023-04-03
Virgin Hyperloop,111.0,1,111.0,2022-02-21,2022-02-21
Voi,285.0,3,95.0,2022-06-22,2024-02-16
Vouch,15.0,1,15.0,2022-06-23,2022-06-23
Vox Media,169.0,2,84.5,2022-07-27,2023-01-20
Voyage SMS,8.0,1,8.0,2022-06-23,2022-06-23
Vroom,1465.0,4,366.25,2022-05-09,2024-01-23
WHOOP,95.0,1,95.0,2022-07-21,2022-07-21
WalkMe,155.0,2,77.5,2023-01-08,2023-04-19
WanderJaunt,141.0,2,70.5,2020-03-25,2022-07-01
Wattpad,62.0,2,31.0,2023-03-08,2024-01-30
Wave,300.0,1,300.0,2022-07-13,2022-07-13
Wave Sports and Entertainment,56.0,1,56.0,2022-06-13,2022-06-13
WayCool,370.0,2,185.0,2023-07-11,2024-02-26
Wayfair,4270.0,3,1423.33,2022-08-19,2024-01-19
Wayflyer,200.0,1,200.0,2022-11-16,2022-11-16
Waymo,209.0,1,209.0,2023-03-01,2023-03-01
Waze,30.0,1,30.0,2020-09-09,2020-09-09
WeTranSan Franciscoer,35.0,1,35.0,2023-10-18,2023-10-18
WeWork,100.0,1,100.0,2020-05-18,2020-05-18
Wealthsimple,159.0,1,159.0,2022-06-15,2022-06-15
Weee!,150.0,1,150.0,2022-06-15,2022-06-15
Wejo,40.0,1,40.0,2023-03-22,2023-03-22
Welkin Health,10.0,1,10.0,2020-04-24,2020-04-24
Western Digital,60.0,1,60.0,2023-05-24,2023-05-24
Wheel,91.0,2,45.5,2022-08-18,2023-02-01
When I Work,55.0,1,55.0,2020-04-22,2020-04-22
Wildlife Studios,300.0,1,300.0,2022-11-28,2022-11-28
Wint Wealth,19.0,1,19.0,2024-02-14,2024-02-14
Wish,595.0,3,198.33,2022-03-01,2023-07-27
Wix,370.0,1,370.0,2023-02-15,2023-02-15
Wonder,130.0,1,130.0,2022-11-30,2022-11-30
Wonderschool,50.0,1,50.0,2020-03-25,2020-03-25
Wonolo,46.0,1,46.0,2020-04-01,2020-04-01
Wordstream,26.0,1,26.0,2020-04-06,2020-04-06
WorkRamp,35.0,1,35.0,2022-09-15,2022-09-15
Workable,25.0,1,25.0,2020-05-05,2020-05-05
Workato,90.0,1,90.0,2023-02-01,2023-02-01
Workday,525.0,1,525.0,2023-01-31,2023-01-31
Workhuman,130.0,1,130.0,2023-03-21,2023-03-21
Workmotion,60.0,1,60.0,2022-12-15,2022-12-15
Worksmith,30.0,1,30.0,2020-11-09,2020-11-09
Woven,5.0,1,5.0,2022-08-16,2022-08-16
Xendit,200.0,1,200.0,2024-01-22,2024-01-22
Xentral,20.0,1,20.0,2022-12-10,2022-12-10
Xero,800.0,1,800.0,2023-03-09,2023-03-09
Xerox,3000.0,1,3000.0,2024-01-03,2024-01-03
Xiaohongshu,180.0,1,180.0,2022-04-21,2022-04-21
Yahoo,1600.0,1,1600.0,2023-02-09,2023-02-09
Yelp,1000.0,1,1000.0,2020-04-09,2020-04-09
Ynsect,17.0,1,17.0,2023-04-17,2023-04-17
Yojak,140.0,1,140.0,2022-06-02,2022-06-02
Yotpo,70.0,1,70.0,2022-11-16,2022-11-16
YouTube,100.0,1,100.0,2024-01-17,2024-01-17
Zak,100.0,1,100.0,2022-05-16,2022-05-16
Zebra Technologies,700.0,1,700.0,2023-08-28,2023-08-28
Zego,85.0,1,85.0,2022-07-14,2022-07-14
Zeitgold,75.0,1,75.0,2020-07-27,2020-07-27
Zencity,30.0,1,30.0,2022-07-20,2022-07-20
Zendesk,670.0,2,335.0,2022-11-07,2023-05-31
Zenefits,87.0,1,87.0,2020-04-23,2020-04-23
Zenoti,17.0,1,17.0,2020-03-31,2020-03-31
Zeplin,37.0,1,37.0,2023-08-30,2023-08-30
Zepz,450.0,2,225.0,2023-05-16,2023-11-30
ZestMoney,250.0,2,125.0,2023-04-07,2023-12-05
Zeus Living,217.0,3,72.33,2020-03-24,2022-10-20
Zilingo,144.0,2,72.0,2020-04-17,2020-07-09
Zillow,2300.0,2,1150.0,2021-11-02,2022-10-26
Zip,300.0,1,300.0,2023-07-02,2023-07-02
ZipRecruiter,670.0,2,335.0,2020-03-29,2023-05-31
Zipcar,100.0,1,100.0,2020-03-27,2020-03-27
Zomato,620.0,2,310.0,2020-05-15,2022-11-19
Zoom,1450.0,2,725.0,2023-02-07,2024-02-01
ZoomInfo,120.0,1,120.0,2023-06-02,2023-06-02
Zoomo,92.0,2,46.0,2022-10-04,2023-05-02
Zoox,100.0,1,100.0,2020-04-13,2020-04-13
Zscaler,177.0,1,177.0,2023-03-02,2023-03-02
Zulily,839.0,1,839.0,2023-12-08,2023-12-08
Zume,200.0,1,200.0,2020-04-15,2020-04-15
Zumper,45.0,1,45.0,2022-06-16,2022-06-16
Zwift,80.0,1,80.0,2023-03-07,2023-03-07
eBay,1520.0,3,506.67,2023-02-07,2024-01-23
eGym,100.0,1,100.0,2020-04-02,2020-04-02
eToro,100.0,1,100.0,2022-07-05,2022-07-05
ezCater,400.0,1,400.0,2020-04-07,2020-04-07
iCAD,23.0,1,23.0,2023-03-29,2023-03-29
iFit,300.0,1,300.0,2022-11-14,2022-11-14
iFood,355.0,1,355.0,2023-03-01,2023-03-01
iPrice Group,50.0,1,50.0,2022-06-08,2022-06-08
iRobot,575.0,3,191.67,2022-08-05,2024-01-29
nCino,100.0,1,100.0,2023-01-18,2023-01-18
uShip,65.0,1,65.0,2020-03-31,2020-03-31
